{"A": {"AA": [0.03788001450046062, 0.016377954072476816], "AAAU": [0.01854747158590103, 0.017849936789491226], "AABA": [-0.01626265940234463, -0.03606432450095598], "AAC": [-0.24180589588155804, -0.2347052498243115], "AADR": [0.14500306309794228, 0.13467474312275676], "AAL": [0.42069594544143624, 0.40539617579891224], "AAMC": [-0.026552987811876958, -0.03210937782126643], "AAME": [0.39670070867758295, 0.377937315901583], "AAN": [0.09517433354612659, 0.07489199382690201], "AAOI": [-0.35025484929542716, -0.37388240963662106], "AAON": [0.2613431906810732, 0.22424365572856456], "AAP": [-0.023999549346936863, -0.03753958020974089], "AAPL": [-0.15349879823612433, -0.1760725022161033], "AAT": [-0.09865821701479958, -0.12223736213349944], "AAU": [0.2909622069996437, 0.2902924700028444], "AAWW": [-0.37048275622033644, -0.39188194635423523], "AAXJ": [0.2450282044023149, 0.2206744386063172], "AAXN": [-0.5304066632916523, -0.5473440968739373], "AB": [-0.17705256092920138, -0.20895270488303952], "ABAC": [0.047430847196615666, 0.03327189914305925], "ABB": [0.4011396552098828, 0.38302075093266735], "ABBV": [0.37277157200196814, 0.3760237159939023], "ABC": [0.5404969830456866, 0.5248716498234612], "ABCB": [-0.15499769058619103, -0.1687074213458095], "ABDC": [0.4746211719365461, 0.46549012340414503], "ABEO": [-0.15302986526188198, -0.15725041851610427], "ABEOW": [-0.10002026053587103, -0.08661757682161683], "ABEV": [0.28433726599343234, 0.28912996134873936], "ABG": [0.017394232584796967, -0.033701401925863704], "ABIL": [-0.5716989683953142, -0.5798825579503827], "ABIO": [0.4903968822682037, 0.48136704263342694], "ABM": [0.5949910508545261, 0.5708794385832046], "ABMD": [-0.47489041104899965, -0.4810379680913548], "ABR": [-0.18086043003478186, -0.19438997378109188], "ABR-A": [-0.316294965863212, -0.3269631679501166], "ABR-B": [-0.1882715981138274, -0.21030809516449442], "ABR-C": [-0.26365982792118414, -0.2714001918780573], "ABT": [0.15589663808276505, 0.14108006008723992], "ABTX": [-0.3998065959251921, -0.4282981219871567], "ABUS": [-0.19016902666638738, -0.21529011907517778], "ABX": [0.12129912975483129, 0.12264112111514465], "AC": [-0.23103207346765411, -0.23413897627389313], "ACA": [-0.27944681396460896, -0.28420738980606763], "ACAD": [0.543817184876251, 0.5482700236926512], "ACB": [0.45661559154735326, 0.4495661580838914], "ACBI": [-0.3864908481497401, -0.4001462058243992], "ACC": [-0.18349792910925036, -0.21142998854009273], "ACCO": [-0.2565809484020135, -0.2725959501129945], "ACER": [0.019970576372214496, 0.005356309460946326], "ACES": [0.16970534791082437, 0.11744162379862477], "ACET": [0.4139531738047445, 0.4025469999404577], "ACGL": [0.4849701309804019, 0.4447215824355753], "ACGLO": [-0.21030263122817125, -0.24608122591405962], "ACGLP": [-0.2809145059100908, -0.3108749743150943], "ACH": [0.37002945348455774, 0.3613073755744373], "ACHC": [-0.6003974408917171, -0.6012408358241264], "ACHN": [0.15657237334162155, 0.14672578305104275], "ACHV": [0.29521789876464144, 0.29841262174989397], "ACIA": [0.42080966860453245, 0.4060475850208043], "ACIM": [0.3287325395863134, 0.27861680017463014], "ACIU": [0.23463856340387002, 0.2205155315022867], "ACIW": [0.01496696632706835, -0.011880183547862416], "ACLS": [0.37161354794455553, 0.3509047102731495], "ACM": [0.3517540463349704, 0.32471369502897063], "ACMR": [-0.4326638430477929, -0.4402512403831544], "ACN": [0.17542069224815912, 0.12310604124459174], "ACNB": [-0.12456172791352474, -0.1428665703851775], "ACOR": [-0.2776180070600132, -0.3005625650180655], "ACP": [-0.1769410548857555, -0.18098451349717382], "ACRE": [-0.251264731709125, -0.27096192473143704], "ACRS": [0.032036701952754376, 0.017824491515395748], "ACRX": [-0.3877017916137887, -0.3927543433283874], "ACSG": [0.8787843427287255, 0.6847747425019388], "ACSI": [0.050267097057238835, 0.022107370675460324], "ACST": [0.3828916099569825, 0.4002760798099143], "ACT": [0.08979833862894726, 0.044737215852671285], "ACTG": [-0.3004027210209607, -0.3159421506996076], "ACU": [0.12071653276644496, 0.11924534408859837], "ACV": [-0.18703722760530994, -0.2098337263612664], "ACWF": [0.20640230634717083, 0.17333381744554788], "ACWI": [0.29983090094255993, 0.24887018899336383], "ACWV": [0.39740889948488334, 0.34297597287432346], "ACWX": [0.2602910782187734, 0.23216575457506133], "ACY": [-0.11269995587177623, -0.11664059991408303], "ADAP": [-0.2765849817516633, -0.25989857800975036], "ADBE": [-0.3090416956388319, -0.3365811869954899], "ADC": [-0.15194939383385464, -0.17356236369555603], "ADES": [-0.3851448925272917, -0.3869403106447976], "ADI": [-0.1509839899778205, -0.20516797900223413], "ADIL": [0.06507133893261888, 0.1196394268247541], "ADILW": [-0.02250352101864998, 0.028120330020817343], "ADM": [-0.226219133145323, -0.23762790597592756], "ADMA": [-0.20969267315889026, -0.2194719899901068], "ADMP": [-0.04990352765553729, -0.06399430559180252], "ADMS": [0.0877971370198147, 0.07855856161602856], "ADNT": [0.14102632687494704, 0.1254545472673828], "ADOM": [0.19758044699861277, 0.19307428708847693], "ADP": [-0.1254293276925957, -0.14569873774535816], "ADRA": [0.2029111903870327, 0.1927953818464718]}, "AA": {"A": [0.03788001450046062, 0.03938603703836802], "AAAU": [-0.8016656897949813, -0.8236419417454521], "AABA": [0.7411419652372613, 0.7394869782094254], "AAC": [0.8031561616453607, 0.7988919369234246], "AADR": [0.9115168716420126, 0.9077762817464717], "AAL": [0.688299598745716, 0.6824160969281967], "AAMC": [0.7975978614168858, 0.7949085358730241], "AAME": [0.4507860843298722, 0.44471937368282105], "AAN": [-0.45785235945248914, -0.462933826524824], "AAOI": [0.536522026878829, 0.5367571827541744], "AAON": [-0.2934855658846455, -0.30183840889352015], "AAP": [-0.8307034223071601, -0.8278818497240223], "AAPL": [-0.370950096830751, -0.3731834933179184], "AAT": [-0.6686498225391176, -0.6753752864540598], "AAU": [0.7975663161441013, 0.7947929306335372], "AAWW": [0.5905660742459755, 0.5914681105613561], "AAXJ": [0.8696324110570329, 0.8628865769980614], "AAXN": [-0.3164488323491149, -0.31309404491418885], "AB": [-0.6316647872043799, -0.6307256416078166], "ABAC": [0.8591308212744118, 0.8563957755484142], "ABB": [0.8080537431575125, 0.8130131694539455], "ABBV": [0.5174642927255731, 0.5259754729203903], "ABC": [0.3562007243078406, 0.3573309700213752], "ABCB": [0.8132076456300861, 0.8165756497698657], "ABDC": [0.3819040185181436, 0.37485060570287665], "ABEO": [0.8881401936394837, 0.8863871287660833], "ABEOW": [0.865247317083518, 0.8675298235751024], "ABEV": [0.744151124114817, 0.7377509145845851], "ABG": [0.2943229831883796, 0.3017300611420036], "ABIL": [-0.21799794864707292, -0.2235338559592865], "ABIO": [0.38818662176738156, 0.39152274431195283], "ABM": [0.4464548049310222, 0.44031190698651956], "ABMD": [-0.3043471839513406, -0.2944069867607888], "ABR": [-0.7923107239676429, -0.7916407345882391], "ABR-A": [-0.6923462217474964, -0.6893968330930013], "ABR-B": [-0.7718758158722351, -0.774089379213557], "ABR-C": [-0.6906049959467937, -0.689315917006802], "ABT": [-0.826505796723726, -0.8230301247597527], "ABTX": [0.3352940298291006, 0.3401500166382892], "ABUS": [0.035974472493720454, 0.04120719216834942], "ABX": [0.2732643779071767, 0.2671250585622368], "AC": [-0.48581286333478874, -0.47638717039956374], "ACA": [0.6687807110270612, 0.7244177574865167], "ACAD": [0.2982641159997501, 0.2972000641315136], "ACB": [0.25367277447765857, 0.24829177371634398], "ACBI": [0.5097046366410356, 0.5175544614953679], "ACC": [-0.5953780793215067, -0.5998847454371591], "ACCO": [0.739154655811568, 0.7353104868238302], "ACER": [-0.4041560079859687, -0.4018095230329907], "ACES": [0.6920649800686887, 0.6763000703405726], "ACET": [0.6269215995272095, 0.614465440949587], "ACGL": [0.02148274186862897, 0.016439405331077083], "ACGLO": [0.6701231582292649, 0.6604986610471645], "ACGLP": [0.6772244913920857, 0.665957195759305], "ACH": [0.8302358788479106, 0.8257528719393644], "ACHC": [0.2547324436426183, 0.25532443723661336],