{"A": {"AA": [0.037811060175376096, 0.019803506619841673], "AAAU": [0.023408366088329576, 0.015416085183573219], "AABA": [-0.01690397475240774, -0.0335185580625937], "AAC": [-0.24522203765428946, -0.2343680886555209], "AADR": [0.1462509135704605, 0.13959167220010485], "AAL": [0.42228653445828773, 0.40928844552167487], "AAMC": [-0.02733968412820085, -0.028709178672437535], "AAME": [0.39862377972390495, 0.3824164565480849], "AAN": [0.09512898947610557, 0.07611917402435635], "AAOI": [-0.353764340241803, -0.3744999348981955], "AAON": [0.2614466682159223, 0.22540452819824422], "AAP": [-0.023868463564504696, -0.03853914953496117], "AAPL": [-0.15439380869868452, -0.1749759544967137], "AAT": [-0.09883149126716431, -0.12503130432480514], "AAU": [0.29139836252251144, 0.2924112010337556], "AAWW": [-0.3793194983735309, -0.39623914316883546], "AAXJ": [0.24615967032209646, 0.22436086551671308], "AAXN": [-0.5307328988994071, -0.547089983720477], "AB": [-0.17752396053238212, -0.20816079018901157], "ABAC": [0.04752157354703912, 0.03717804973854754], "ABB": [0.4040600673567977, 0.3889974261293454], "ABBV": [0.3741254808022717, 0.3797457807333957], "ABC": [0.5463923762867833, 0.5343917947263225], "ABCB": [-0.15942384038887036, -0.16824129447974867], "ABDC": [0.47461999783441194, 0.46560044243958937], "ABEO": [-0.15501537219727174, -0.15593685074793084], "ABEOW": [-0.10002026053587103, -0.08661757682161683], "ABEV": [0.2851844942766261, 0.2922094296586174], "ABG": [0.017168043804840816, -0.032051320697202824], "ABIL": [-0.5719171333165319, -0.5796886671969742], "ABIO": [0.49080628539129945, 0.48301343810784564], "ABM": [0.5951772614790379, 0.571907364556064], "ABMD": [-0.4754977862201547, -0.4807004111320048], "ABR": [-0.18084188305957694, -0.19513751439280597], "ABR-A": [-0.316416313590003, -0.32670272985893356], "ABR-B": [-0.18816613030265744, -0.21081727206041728], "ABR-C": [-0.26380756304401576, -0.2730985426913342], "ABT": [0.1565337730703623, 0.14000223269448284], "ABTX": [-0.41295577284307605, -0.43651589008713515], "ABUS": [-0.19085651167191411, -0.21442613737274402], "ABX": [0.12138558079949448, 0.12228647689482106], "AC": [-0.2324387533469331, -0.23329224369812906], "ACA": [-0.30920795239838866, -0.2937857040608139], "ACAD": [0.5445083093530997, 0.5504434397333094], "ACB": [0.4577869847124603, 0.4527075597396704], "ACBI": [-0.3884532370567952, -0.4000376755828326], "ACC": [-0.18387143454312227, -0.2139811623423196], "ACCO": [-0.2614674339828794, -0.27341609018218044], "ACER": [0.019774109872499425, 0.0069206969371478026], "ACES": [0.17601794643733862, 0.13142092090496527], "ACET": [0.41483770568472217, 0.40526459853764746], "ACGL": [0.4866862872274473, 0.4485473614425601], "ACGLO": [-0.21455225680452628, -0.2465332393835969], "ACGLP": [-0.28620265118743893, -0.31234403404565836], "ACH": [0.3713733684437411, 0.3649858792526016], "ACHC": [-0.6126743327337288, -0.6090178302973286], "ACHN": [0.16018669685567044, 0.15583451987465288], "ACHV": [0.29577337496777906, 0.3008043542830706], "ACIA": [0.42093484610162857, 0.4058371344108678], "ACIM": [0.3362986254030209, 0.2903997151071331], "ACIU": [0.23477445661191002, 0.22190195678465352], "ACIW": [0.015142685540689779, -0.01285974598862949], "ACLS": [0.3730595424868208, 0.35469745734452496], "ACM": [0.35732130707490406, 0.33443656874434113], "ACMR": [-0.4327950913340266, -0.44003907000601705], "ACN": [0.17570114926999084, 0.1251595888196439], "ACNB": [-0.1250181990698332, -0.1462857143941928], "ACOR": [-0.28114302018323534, -0.30085625015467155], "ACP": [-0.18271073768012583, -0.18119277019569474], "ACRE": [-0.25128194673941545, -0.27178125066798875], "ACRS": [0.03189177661531448, 0.021197092587105466], "ACRX": [-0.38818551393138306, -0.39231814582106617], "ACSG": [0.8127497523974746, 0.5473917131519773], "ACSI": [0.05030135041314794, 0.025337344759338645], "ACST": [0.38301134729741637, 0.40132659619337063], "ACT": [0.092125054467704, 0.051961807027158795], "ACTG": [-0.3029836967287251, -0.3158143161330949], "ACU": [0.12200225276600953, 0.12478582460860524], "ACV": [-0.18939964133422899, -0.20907127842287473], "ACWF": [0.2103286480204129, 0.1816643281852608], "ACWI": [0.3067932578551672, 0.26004841979367577], "ACWV": [0.39825968622108016, 0.3455390205283119], "ACWX": [0.26310154586102, 0.23852266319048698], "ACY": [-0.1148835694046997, -0.11484032058587804], "ADAP": [-0.28016810567954487, -0.25977870857861485], "ADBE": [-0.30928408224461684, -0.33617548260999053], "ADC": [-0.1523696652453718, -0.17652035189834858], "ADES": [-0.38516809977495736, -0.3869198397880733], "ADI": [-0.1520560284075398, -0.20417677929323938], "ADIL": [0.06771637313700718, 0.11781223557874483], "ADILW": [-0.01884374542145654, 0.024062429039341374], "ADM": [-0.22674446894833591, -0.23690025917940094], "ADMA": [-0.21028963576451612, -0.21866342628801116], "ADMP": [-0.0507799667185372, -0.061844535649686144], "ADMS": [0.08818630047992411, 0.08225345051074559], "ADNT": [0.14183514068641917, 0.1293825193264408], "ADOM": [0.19777407501301678, 0.19496075117035166], "ADP": [-0.12542718064377775, -0.1457403079468932], "ADRA": [0.20412299200776768, 0.19702188772189405]}}